{"PrimaryColor":{"r":1.0,"g":0.0,"b":0.0,"a":1.0,"r8":255,"g8":0,"b8":0,"a8":255,"h":0.0,"s":1.0,"v":1.0},"SecondaryColor":{"r":0.0,"g":1.0,"b":0.0,"a":1.0,"r8":0,"g8":255,"b8":0,"a8":255,"h":0.333333343,"s":1.0,"v":1.0},"TertiaryColor":{"r":0.0,"g":0.0,"b":1.0,"a":1.0,"r8":0,"g8":0,"b8":255,"a8":255,"h":0.6666667,"s":1.0,"v":1.0},"Icon":null}