{"PrimaryColor":{"r":0.2,"g":0.5,"b":1.0,"a":1.0,"r8":51,"g8":128,"b8":255,"a8":255,"h":0.6041667,"s":0.8,"v":1.0},"SecondaryColor":{"r":0.05,"g":0.1,"b":1.0,"a":1.0,"r8":13,"g8":26,"b8":255,"a8":255,"h":0.657894731,"s":0.95,"v":1.0},"TertiaryColor":{"r":0.0,"g":0.0,"b":0.5,"a":1.0,"r8":0,"g8":0,"b8":128,"a8":255,"h":0.6666667,"s":1.0,"v":0.5},"Icon":null}